"REF_DATE","GEO","DGUID","Seasonal adjustment","Estimates","UOM","UOM_ID","SCALAR_FACTOR","SCALAR_ID","VECTOR","COORDINATE","VALUE","STATUS","SYMBOL","TERMINATED","DECIMALS"
"1961-01","Canada","2016A000011124","Unadjusted","Gross domestic product at market prices","Dollars","81","millions","6","v62295576","1.2.14","9529","","","","0"
"1961-04","Canada","2016A000011124","Unadjusted","Gross domestic product at market prices","Dollars","81","millions","6","v62295576","1.2.14","10226","","","","0"
"1961-07","Canada","2016A000011124","Unadjusted","Gross domestic product at market prices","Dollars","81","millions","6","v62295576","1.2.14","11373","","","","0"
"1961-10","Canada","2016A000011124","Unadjusted","Gross domestic product at market prices","Dollars","81","millions","6","v62295576","1.2.14","10971","","","","0"
"1962-01","Canada","2016A000011124","Unadjusted","Gross domestic product at market prices","Dollars","81","millions","6","v62295576","1.2.14","10323","","","","0"
"1962-04","Canada","2016A000011124","Unadjusted","Gross domestic product at market prices","Dollars","81","millions","6","v62295576","1.2.14","11000","","","","0"
"1962-07","Canada","2016A000011124","Unadjusted","Gross domestic product at market prices","Dollars","81","millions","6","v62295576","1.2.14","12694","","","","0"
"1962-10","Canada","2016A000011124","Unadjusted","Gross domestic product at market prices","Dollars","81","millions","6","v62295576","1.2.14","11799","","","","0"
"1963-01","Canada","2016A000011124","Unadjusted","Gross domestic product at market prices","Dollars","81","millions","6","v62295576","1.2.14","11026","","","","0"
"1963-04","Canada","2016A000011124","Unadjusted","Gross domestic product at market prices","Dollars","81","millions","6","v62295576","1.2.14","11800","","","","0"
"1963-07","Canada","2016A000011124","Unadjusted","Gross domestic product at market prices","Dollars","81","millions","6","v62295576","1.2.14","13616","","","","0"
"1963-10","Canada","2016A000011124","Unadjusted","Gross domestic product at market prices","Dollars","81","millions","6","v62295576","1.2.14","12860","","","","0"
"1964-01","Canada","2016A000011124","Unadjusted","Gross domestic product at market prices","Dollars","81","millions","6","v62295576","1.2.14","12301","","","","0"
"1964-04","Canada","2016A000011124","Unadjusted","Gross domestic product at market prices","Dollars","81","millions","6","v62295576","1.2.14","13029","","","","0"
"1964-07","Canada","2016A000011124","Unadjusted","Gross domestic product at market prices","Dollars","81","millions","6","v62295576","1.2.14","14785","","","","0"
"1964-10","Canada","2016A000011124","Unadjusted","Gross domestic product at market prices","Dollars","81","millions","6","v62295576","1.2.14","13953","","","","0"
"1965-01","Canada","2016A000011124","Unadjusted","Gross domestic product at market prices","Dollars","81","millions","6","v62295576","1.2.14","13336","","","","0"
"1965-04","Canada","2016A000011124","Unadjusted","Gross domestic product at market prices","Dollars","81","millions","6","v62295576","1.2.14","14309","","","","0"
"1965-07","Canada","2016A000011124","Unadjusted","Gross domestic product at market prices","Dollars","81","millions","6","v62295576","1.2.14","16338","","","","0"
"1965-10","Canada","2016A000011124","Unadjusted","Gross domestic product at market prices","Dollars","81","millions","6","v62295576","1.2.14","15676","","","","0"
"1966-01","Canada","2016A000011124","Unadjusted","Gross domestic product at market prices","Dollars","81","millions","6","v62295576","1.2.14","15007","","","","0"
"1966-04","Canada","2016A000011124","Unadjusted","Gross domestic product at market prices","Dollars","81","millions","6","v62295576","1.2.14","16245","","","","0"
"1966-07","Canada","2016A000011124","Unadjusted","Gross domestic product at market prices","Dollars","81","millions","6","v62295576","1.2.14","18405","","","","0"
"1966-10","Canada","2016A000011124","Unadjusted","Gross domestic product at market prices","Dollars","81","millions","6","v62295576","1.2.14","17152","","","","0"
"1967-01","Canada","2016A000011124","Unadjusted","Gross domestic product at market prices","Dollars","81","millions","6","v62295576","1.2.14","16256","","","","0"
"1967-04","Canada","2016A000011124","Unadjusted","Gross domestic product at market prices","Dollars","81","millions","6","v62295576","1.2.14","17688","","","","0"
"1967-07","Canada","2016A000011124","Unadjusted","Gross domestic product at market prices","Dollars","81","millions","6","v62295576","1.2.14","19419","","","","0"
"1967-10","Canada","2016A000011124","Unadjusted","Gross domestic product at market prices","Dollars","81","millions","6","v62295576","1.2.14","18550","","","","0"
"1968-01","Canada","2016A000011124","Unadjusted","Gross domestic product at market prices","Dollars","81","millions","6","v62295576","1.2.14","17621","","","","0"
"1968-04","Canada","2016A000011124","Unadjusted","Gross domestic product at market prices","Dollars","81","millions","6","v62295576","1.2.14","19037","","","","0"
"1968-07","Canada","2016A000011124","Unadjusted","Gross domestic product at market prices","Dollars","81","millions","6","v62295576","1.2.14","21343","","","","0"
"1968-10","Canada","2016A000011124","Unadjusted","Gross domestic product at market prices","Dollars","81","millions","6","v62295576","1.2.14","20568","","","","0"
"1969-01","Canada","2016A000011124","Unadjusted","Gross domestic product at market prices","Dollars","81","millions","6","v62295576","1.2.14","19591","","","","0"
"1969-04","Canada","2016A000011124","Unadjusted","Gross domestic product at market prices","Dollars","81","millions","6","v62295576","1.2.14","21115","","","","0"
"1969-07","Canada","2016A000011124","Unadjusted","Gross domestic product at market prices","Dollars","81","millions","6","v62295576","1.2.14","23257","","","","0"
"1969-10","Canada","2016A000011124","Unadjusted","Gross domestic product at market prices","Dollars","81","millions","6","v62295576","1.2.14","22555","","","","0"
"1970-01","Canada","2016A000011124","Unadjusted","Gross domestic product at market prices","Dollars","81","millions","6","v62295576","1.2.14","21543","","","","0"
"1970-04","Canada","2016A000011124","Unadjusted","Gross domestic product at market prices","Dollars","81","millions","6","v62295576","1.2.14","22903","","","","0"
"1970-07","Canada","2016A000011124","Unadjusted","Gross domestic product at market prices","Dollars","81","millions","6","v62295576","1.2.14","24703","","","","0"
"1970-10","Canada","2016A000011124","Unadjusted","Gross domestic product at market prices","Dollars","81","millions","6","v62295576","1.2.14","24088","","","","0"
"1971-01","Canada","2016A000011124","Unadjusted","Gross domestic product at market prices","Dollars","81","millions","6","v62295576","1.2.14","22619","","","","0"
"1971-04","Canada","2016A000011124","Unadjusted","Gross domestic product at market prices","Dollars","81","millions","6","v62295576","1.2.14","24920","","","","0"
"1971-07","Canada","2016A000011124","Unadjusted","Gross domestic product at market prices","Dollars","81","millions","6","v62295576","1.2.14","27352","","","","0"
"1971-10","Canada","2016A000011124","Unadjusted","Gross domestic product at market prices","Dollars","81","millions","6","v62295576","1.2.14","26876","","","","0"
"1972-01","Canada","2016A000011124","Unadjusted","Gross domestic product at market prices","Dollars","81","millions","6","v62295576","1.2.14","25470","","","","0"
"1972-04","Canada","2016A000011124","Unadjusted","Gross domestic product at market prices","Dollars","81","millions","6","v62295576","1.2.14","28076","","","","0"
"1972-07","Canada","2016A000011124","Unadjusted","Gross domestic product at market prices","Dollars","81","millions","6","v62295576","1.2.14","30084","","","","0"
"1972-10","Canada","2016A000011124","Unadjusted","Gross domestic product at market prices","Dollars","81","millions","6","v62295576","1.2.14","29995","","","","0"
"1973-01","Canada","2016A000011124","Unadjusted","Gross domestic product at market prices","Dollars","81","millions","6","v62295576","1.2.14","29315","","","","0"
"1973-04","Canada","2016A000011124","Unadjusted","Gross domestic product at market prices","Dollars","81","millions","6","v62295576","1.2.14","32125","","","","0"
"1973-07","Canada","2016A000011124","Unadjusted","Gross domestic product at market prices","Dollars","81","millions","6","v62295576","1.2.14","35717","","","","0"
"1973-10","Canada","2016A000011124","Unadjusted","Gross domestic product at market prices","Dollars","81","millions","6","v62295576","1.2.14","35923","","","","0"
"1974-01","Canada","2016A000011124","Unadjusted","Gross domestic product at market prices","Dollars","81","millions","6","v62295576","1.2.14","35117","","","","0"
"1974-04","Canada","2016A000011124","Unadjusted","Gross domestic product at market prices","Dollars","81","millions","6","v62295576","1.2.14","37963","","","","0"
"1974-07","Canada","2016A000011124","Unadjusted","Gross domestic product at market prices","Dollars","81","millions","6","v62295576","1.2.14","43562","","","","0"
"1974-10","Canada","2016A000011124","Unadjusted","Gross domestic product at market prices","Dollars","81","millions","6","v62295576","1.2.14","41664","","","","0"
"1975-01","Canada","2016A000011124","Unadjusted","Gross domestic product at market prices","Dollars","81","millions","6","v62295576","1.2.14","39215","","","","0"
"1975-04","Canada","2016A000011124","Unadjusted","Gross domestic product at market prices","Dollars","81","millions","6","v62295576","1.2.14","42101","","","","0"
"1975-07","Canada","2016A000011124","Unadjusted","Gross domestic product at market prices","Dollars","81","millions","6","v62295576","1.2.14","49399","","","","0"
"1975-10","Canada","2016A000011124","Unadjusted","Gross domestic product at market prices","Dollars","81","millions","6","v62295576","1.2.14","47330","","","","0"
"1976-01","Canada","2016A000011124","Unadjusted","Gross domestic product at market prices","Dollars","81","millions","6","v62295576","1.2.14","46263","","","","0"
"1976-04","Canada","2016A000011124","Unadjusted","Gross domestic product at market prices","Dollars","81","millions","6","v62295576","1.2.14","50134","","","","0"
"1976-07","Canada","2016A000011124","Unadjusted","Gross domestic product at market prices","Dollars","81","millions","6","v62295576","1.2.14","56115","","","","0"
"1976-10","Canada","2016A000011124","Unadjusted","Gross domestic product at market prices","Dollars","81","millions","6","v62295576","1.2.14","53495","","","","0"
"1977-01","Canada","2016A000011124","Unadjusted","Gross domestic product at market prices","Dollars","81","millions","6","v62295576","1.2.14","52280","","","","0"
"1977-04","Canada","2016A000011124","Unadjusted","Gross domestic product at market prices","Dollars","81","millions","6","v62295576","1.2.14","54826","","","","0"
"1977-07","Canada","2016A000011124","Unadjusted","Gross domestic product at market prices","Dollars","81","millions","6","v62295576","1.2.14","61445","","","","0"
"1977-10","Canada","2016A000011124","Unadjusted","Gross domestic product at market prices","Dollars","81","millions","6","v62295576","1.2.14","59028","","","","0"
"1978-01","Canada","2016A000011124","Unadjusted","Gross domestic product at market prices","Dollars","81","millions","6","v62295576","1.2.14","57359","","","","0"
"1978-04","Canada","2016A000011124","Unadjusted","Gross domestic product at market prices","Dollars","81","millions","6","v62295576","1.2.14","60992","","","","0"
"1978-07","Canada","2016A000011124","Unadjusted","Gross domestic product at market prices","Dollars","81","millions","6","v62295576","1.2.14","68066","","","","0"
"1978-10","Canada","2016A000011124","Unadjusted","Gross domestic product at market prices","Dollars","81","millions","6","v62295576","1.2.14","65627","","","","0"
"1979-01","Canada","2016A000011124","Unadjusted","Gross domestic product at market prices","Dollars","81","millions","6","v62295576","1.2.14","64721","","","","0"
"1979-04","Canada","2016A000011124","Unadjusted","Gross domestic product at market prices","Dollars","81","millions","6","v62295576","1.2.14","70171","","","","0"
"1979-07","Canada","2016A000011124","Unadjusted","Gross domestic product at market prices","Dollars","81","millions","6","v62295576","1.2.14","77378","","","","0"
"1979-10","Canada","2016A000011124","Unadjusted","Gross domestic product at market prices","Dollars","81","millions","6","v62295576","1.2.14","75304","","","","0"
"1980-01","Canada","2016A000011124","Unadjusted","Gross domestic product at market prices","Dollars","81","millions","6","v62295576","1.2.14","74144","","","","0"
"1980-04","Canada","2016A000011124","Unadjusted","Gross domestic product at market prices","Dollars","81","millions","6","v62295576","1.2.14","77602","","","","0"
"1980-07","Canada","2016A000011124","Unadjusted","Gross domestic product at market prices","Dollars","81","millions","6","v62295576","1.2.14","86282","","","","0"
"1980-10","Canada","2016A000011124","Unadjusted","Gross domestic product at market prices","Dollars","81","millions","6","v62295576","1.2.14","84720","","","","0"
"1981-01","Canada","2016A000011124","Unadjusted","Gross domestic product at market prices","Dollars","81","millions","6","v62295576","1.2.14","84538","","","","0"
"1981-04","Canada","2016A000011124","Unadjusted","Gross domestic product at market prices","Dollars","81","millions","6","v62295576","1.2.14","89420","","","","0"
"1981-07","Canada","2016A000011124","Unadjusted","Gross domestic product at market prices","Dollars","81","millions","6","v62295576","1.2.14","99242","","","","0"
"1981-10","Canada","2016A000011124","Unadjusted","Gross domestic product at market prices","Dollars","81","millions","6","v62295576","1.2.14","95158","","","","0"
"1982-01","Canada","2016A000011124","Unadjusted","Gross domestic product at market prices","Dollars","81","millions","6","v62295576","1.2.14","91630","","","","0"
"1982-04","Canada","2016A000011124","Unadjusted","Gross domestic product at market prices","Dollars","81","millions","6","v62295576","1.2.14","94040","","","","0"
"1982-07","Canada","2016A000011124","Unadjusted","Gross domestic product at market prices","Dollars","81","millions","6","v62295576","1.2.14","103417","","","","0"
"1982-10","Canada","2016A000011124","Unadjusted","Gross domestic product at market prices","Dollars","81","millions","6","v62295576","1.2.14","99094","","","","0"
"1983-01","Canada","2016A000011124","Unadjusted","Gross domestic product at market prices","Dollars","81","millions","6","v62295576","1.2.14","96806","","","","0"
"1983-04","Canada","2016A000011124","Unadjusted","Gross domestic product at market prices","Dollars","81","millions","6","v62295576","1.2.14","101460","","","","0"
"1983-07","Canada","2016A000011124","Unadjusted","Gross domestic product at market prices","Dollars","81","millions","6","v62295576","1.2.14","113010","","","","0"
"1983-10","Canada","2016A000011124","Unadjusted","Gross domestic product at market prices","Dollars","81","millions","6","v62295576","1.2.14","110040","","","","0"
"1984-01","Canada","2016A000011124","Unadjusted","Gross domestic product at market prices","Dollars","81","millions","6","v62295576","1.2.14","107443","","","","0"
"1984-04","Canada","2016A000011124","Unadjusted","Gross domestic product at market prices","Dollars","81","millions","6","v62295576","1.2.14","112075","","","","0"
"1984-07","Canada","2016A000011124","Unadjusted","Gross domestic product at market prices","Dollars","81","millions","6","v62295576","1.2.14","122679","","","","0"
"1984-10","Canada","2016A000011124","Unadjusted","Gross domestic product at market prices","Dollars","81","millions","6","v62295576","1.2.14","119789","","","","0"
"1985-01","Canada","2016A000011124","Unadjusted","Gross domestic product at market prices","Dollars","81","millions","6","v62295576","1.2.14","116619","","","","0"
"1985-04","Canada","2016A000011124","Unadjusted","Gross domestic product at market prices","Dollars","81","millions","6","v62295576","1.2.14","120368","","","","0"
"1985-07","Canada","2016A000011124","Unadjusted","Gross domestic product at market prices","Dollars","81","millions","6","v62295576","1.2.14","132712","","","","0"
"1985-10","Canada","2016A000011124","Unadjusted","Gross domestic product at market prices","Dollars","81","millions","6","v62295576","1.2.14","130328","","","","0"
"1986-01","Canada","2016A000011124","Unadjusted","Gross domestic product at market prices","Dollars","81","millions","6","v62295576","1.2.14","124766","","","","0"
"1986-04","Canada","2016A000011124","Unadjusted","Gross domestic product at market prices","Dollars","81","millions","6","v62295576","1.2.14","127948","","","","0"
"1986-07","Canada","2016A000011124","Unadjusted","Gross domestic product at market prices","Dollars","81","millions","6","v62295576","1.2.14","138805","","","","0"
"1986-10","Canada","2016A000011124","Unadjusted","Gross domestic product at market prices","Dollars","81","millions","6","v62295576","1.2.14","135111","","","","0"
"1987-01","Canada","2016A000011124","Unadjusted","Gross domestic product at market prices","Dollars","81","millions","6","v62295576","1.2.14","133185","","","","0"
"1987-04","Canada","2016A000011124","Unadjusted","Gross domestic product at market prices","Dollars","81","millions","6","v62295576","1.2.14","139745","","","","0"
"1987-07","Canada","2016A000011124","Unadjusted","Gross domestic product at market prices","Dollars","81","millions","6","v62295576","1.2.14","151421","","","","0"
"1987-10","Canada","2016A000011124","Unadjusted","Gross domestic product at market prices","Dollars","81","millions","6","v62295576","1.2.14","149985","","","","0"
"1988-01","Canada","2016A000011124","Unadjusted","Gross domestic product at market prices","Dollars","81","millions","6","v62295576","1.2.14","148063","","","","0"
"1988-04","Canada","2016A000011124","Unadjusted","Gross domestic product at market prices","Dollars","81","millions","6","v62295576","1.2.14","153318","","","","0"
"1988-07","Canada","2016A000011124","Unadjusted","Gross domestic product at market prices","Dollars","81","millions","6","v62295576","1.2.14","163615","","","","0"
"1988-10","Canada","2016A000011124","Unadjusted","Gross domestic product at market prices","Dollars","81","millions","6","v62295576","1.2.14","161898","","","","0"
"1989-01","Canada","2016A000011124","Unadjusted","Gross domestic product at market prices","Dollars","81","millions","6","v62295576","1.2.14","158215","","","","0"
"1989-04","Canada","2016A000011124","Unadjusted","Gross domestic product at market prices","Dollars","81","millions","6","v62295576","1.2.14","164436","","","","0"
"1989-07","Canada","2016A000011124","Unadjusted","Gross domestic product at market prices","Dollars","81","millions","6","v62295576","1.2.14","176561","","","","0"
"1989-10","Canada","2016A000011124","Unadjusted","Gross domestic product at market prices","Dollars","81","millions","6","v62295576","1.2.14","172367","","","","0"
"1990-01","Canada","2016A000011124","Unadjusted","Gross domestic product at market prices","Dollars","81","millions","6","v62295576","1.2.14","166580","","","","0"
"1990-04","Canada","2016A000011124","Unadjusted","Gross domestic product at market prices","Dollars","81","millions","6","v62295576","1.2.14","172205","","","","0"
"1990-07","Canada","2016A000011124","Unadjusted","Gross domestic product at market prices","Dollars","81","millions","6","v62295576","1.2.14","181403","","","","0"
"1990-10","Canada","2016A000011124","Unadjusted","Gross domestic product at market prices","Dollars","81","millions","6","v62295576","1.2.14","175313","","","","0"
"1991-01","Canada","2016A000011124","Unadjusted","Gross domestic product at market prices","Dollars","81","millions","6","v62295576","1.2.14","167228","","","","0"
"1991-04","Canada","2016A000011124","Unadjusted","Gross domestic product at market prices","Dollars","81","millions","6","v62295576","1.2.14","172598","","","","0"
"1991-07","Canada","2016A000011124","Unadjusted","Gross domestic product at market prices","Dollars","81","millions","6","v62295576","1.2.14","182638","","","","0"
"1991-10","Canada","2016A000011124","Unadjusted","Gross domestic product at market prices","Dollars","81","millions","6","v62295576","1.2.14","179309","","","","0"
"1992-01","Canada","2016A000011124","Unadjusted","Gross domestic product at market prices","Dollars","81","millions","6","v62295576","1.2.14","171431","","","","0"
"1992-04","Canada","2016A000011124","Unadjusted","Gross domestic product at market prices","Dollars","81","millions","6","v62295576","1.2.14","176922","","","","0"
"1992-07","Canada","2016A000011124","Unadjusted","Gross domestic product at market prices","Dollars","81","millions","6","v62295576","1.2.14","186332","","","","0"
"1992-10","Canada","2016A000011124","Unadjusted","Gross domestic product at market prices","Dollars","81","millions","6","v62295576","1.2.14","183751","","","","0"
"1993-01","Canada","2016A000011124","Unadjusted","Gross domestic product at market prices","Dollars","81","millions","6","v62295576","1.2.14","177146","","","","0"
"1993-04","Canada","2016A000011124","Unadjusted","Gross domestic product at market prices","Dollars","81","millions","6","v62295576","1.2.14","185214","","","","0"
"1993-07","Canada","2016A000011124","Unadjusted","Gross domestic product at market prices","Dollars","81","millions","6","v62295576","1.2.14","191739","","","","0"
"1993-10","Canada","2016A000011124","Unadjusted","Gross domestic product at market prices","Dollars","81","millions","6","v62295576","1.2.14","192938","","","","0"
"1994-01","Canada","2016A000011124","Unadjusted","Gross domestic product at market prices","Dollars","81","millions","6","v62295576","1.2.14","186254","","","","0"
"1994-04","Canada","2016A000011124","Unadjusted","Gross domestic product at market prices","Dollars","81","millions","6","v62295576","1.2.14","194634","","","","0"
"1994-07","Canada","2016A000011124","Unadjusted","Gross domestic product at market prices","Dollars","81","millions","6","v62295576","1.2.14","205656","","","","0"
"1994-10","Canada","2016A000011124","Unadjusted","Gross domestic product at market prices","Dollars","81","millions","6","v62295576","1.2.14","205428","","","","0"
"1995-01","Canada","2016A000011124","Unadjusted","Gross domestic product at market prices","Dollars","81","millions","6","v62295576","1.2.14","197209","","","","0"
"1995-04","Canada","2016A000011124","Unadjusted","Gross domestic product at market prices","Dollars","81","millions","6","v62295576","1.2.14","205659","","","","0"
"1995-07","Canada","2016A000011124","Unadjusted","Gross domestic product at market prices","Dollars","81","millions","6","v62295576","1.2.14","215915","","","","0"
"1995-10","Canada","2016A000011124","Unadjusted","Gross domestic product at market prices","Dollars","81","millions","6","v62295576","1.2.14","212838","","","","0"
"1996-01","Canada","2016A000011124","Unadjusted","Gross domestic product at market prices","Dollars","81","millions","6","v62295576","1.2.14","202701","","","","0"
"1996-04","Canada","2016A000011124","Unadjusted","Gross domestic product at market prices","Dollars","81","millions","6","v62295576","1.2.14","208638","","","","0"
"1996-07","Canada","2016A000011124","Unadjusted","Gross domestic product at market prices","Dollars","81","millions","6","v62295576","1.2.14","225185","","","","0"
"1996-10","Canada","2016A000011124","Unadjusted","Gross domestic product at market prices","Dollars","81","millions","6","v62295576","1.2.14","223310","","","","0"
"1997-01","Canada","2016A000011124","Unadjusted","Gross domestic product at market prices","Dollars","81","millions","6","v62295576","1.2.14","214418","","","","0"
"1997-04","Canada","2016A000011124","Unadjusted","Gross domestic product at market prices","Dollars","81","millions","6","v62295576","1.2.14","222456","","","","0"
"1997-07","Canada","2016A000011124","Unadjusted","Gross domestic product at market prices","Dollars","81","millions","6","v62295576","1.2.14","236004","","","","0"
"1997-10","Canada","2016A000011124","Unadjusted","Gross domestic product at market prices","Dollars","81","millions","6","v62295576","1.2.14","234048","","","","0"
"1998-01","Canada","2016A000011124","Unadjusted","Gross domestic product at market prices","Dollars","81","millions","6","v62295576","1.2.14","223467","","","","0"
"1998-04","Canada","2016A000011124","Unadjusted","Gross domestic product at market prices","Dollars","81","millions","6","v62295576","1.2.14","232123","","","","0"
"1998-07","Canada","2016A000011124","Unadjusted","Gross domestic product at market prices","Dollars","81","millions","6","v62295576","1.2.14","242727","","","","0"
"1998-10","Canada","2016A000011124","Unadjusted","Gross domestic product at market prices","Dollars","81","millions","6","v62295576","1.2.14","242231","","","","0"
"1999-01","Canada","2016A000011124","Unadjusted","Gross domestic product at market prices","Dollars","81","millions","6","v62295576","1.2.14","234112","","","","0"
"1999-04","Canada","2016A000011124","Unadjusted","Gross domestic product at market prices","Dollars","81","millions","6","v62295576","1.2.14","248064","","","","0"
"1999-07","Canada","2016A000011124","Unadjusted","Gross domestic product at market prices","Dollars","81","millions","6","v62295576","1.2.14","262465","","","","0"
"1999-10","Canada","2016A000011124","Unadjusted","Gross domestic product at market prices","Dollars","81","millions","6","v62295576","1.2.14","263286","","","","0"
"2000-01","Canada","2016A000011124","Unadjusted","Gross domestic product at market prices","Dollars","81","millions","6","v62295576","1.2.14","257878","","","","0"
"2000-04","Canada","2016A000011124","Unadjusted","Gross domestic product at market prices","Dollars","81","millions","6","v62295576","1.2.14","274521","","","","0"
"2000-07","Canada","2016A000011124","Unadjusted","Gross domestic product at market prices","Dollars","81","millions","6","v62295576","1.2.14","287734","","","","0"
"2000-10","Canada","2016A000011124","Unadjusted","Gross domestic product at market prices","Dollars","81","millions","6","v62295576","1.2.14","285938","","","","0"
"2001-01","Canada","2016A000011124","Unadjusted","Gross domestic product at market prices","Dollars","81","millions","6","v62295576","1.2.14","277284","","","","0"
"2001-04","Canada","2016A000011124","Unadjusted","Gross domestic product at market prices","Dollars","81","millions","6","v62295576","1.2.14","287272","","","","0"
"2001-07","Canada","2016A000011124","Unadjusted","Gross domestic product at market prices","Dollars","81","millions","6","v62295576","1.2.14","291890","","","","0"
"2001-10","Canada","2016A000011124","Unadjusted","Gross domestic product at market prices","Dollars","81","millions","6","v62295576","1.2.14","288097","","","","0"
"2002-01","Canada","2016A000011124","Unadjusted","Gross domestic product at market prices","Dollars","81","millions","6","v62295576","1.2.14","278499","","","","0"
"2002-04","Canada","2016A000011124","Unadjusted","Gross domestic product at market prices","Dollars","81","millions","6","v62295576","1.2.14","297094","","","","0"
"2002-07","Canada","2016A000011124","Unadjusted","Gross domestic product at market prices","Dollars","81","millions","6","v62295576","1.2.14","308927","","","","0"
"2002-10","Canada","2016A000011124","Unadjusted","Gross domestic product at market prices","Dollars","81","millions","6","v62295576","1.2.14","309174","","","","0"
"2003-01","Canada","2016A000011124","Unadjusted","Gross domestic product at market prices","Dollars","81","millions","6","v62295576","1.2.14","301290","","","","0"
"2003-04","Canada","2016A000011124","Unadjusted","Gross domestic product at market prices","Dollars","81","millions","6","v62295576","1.2.14","309049","","","","0"
"2003-07","Canada","2016A000011124","Unadjusted","Gross domestic product at market prices","Dollars","81","millions","6","v62295576","1.2.14","322993","","","","0"
"2003-10","Canada","2016A000011124","Unadjusted","Gross domestic product at market prices","Dollars","81","millions","6","v62295576","1.2.14","321415","","","","0"
"2004-01","Canada","2016A000011124","Unadjusted","Gross domestic product at market prices","Dollars","81","millions","6","v62295576","1.2.14","312726","","","","0"
"2004-04","Canada","2016A000011124","Unadjusted","Gross domestic product at market prices","Dollars","81","millions","6","v62295576","1.2.14","330441","","","","0"
"2004-07","Canada","2016A000011124","Unadjusted","Gross domestic product at market prices","Dollars","81","millions","6","v62295576","1.2.14","347162","","","","0"
"2004-10","Canada","2016A000011124","Unadjusted","Gross domestic product at market prices","Dollars","81","millions","6","v62295576","1.2.14","345402","","","","0"
"2005-01","Canada","2016A000011124","Unadjusted","Gross domestic product at market prices","Dollars","81","millions","6","v62295576","1.2.14","334172","","","","0"
"2005-04","Canada","2016A000011124","Unadjusted","Gross domestic product at market prices","Dollars","81","millions","6","v62295576","1.2.14","349238","","","","0"
"2005-07","Canada","2016A000011124","Unadjusted","Gross domestic product at market prices","Dollars","81","millions","6","v62295576","1.2.14","368347","","","","0"
"2005-10","Canada","2016A000011124","Unadjusted","Gross domestic product at market prices","Dollars","81","millions","6","v62295576","1.2.14","369833","","","","0"
"2006-01","Canada","2016A000011124","Unadjusted","Gross domestic product at market prices","Dollars","81","millions","6","v62295576","1.2.14","355187","","","","0"
"2006-04","Canada","2016A000011124","Unadjusted","Gross domestic product at market prices","Dollars","81","millions","6","v62295576","1.2.14","371292","","","","0"
"2006-07","Canada","2016A000011124","Unadjusted","Gross domestic product at market prices","Dollars","81","millions","6","v62295576","1.2.14","386362","","","","0"
"2006-10","Canada","2016A000011124","Unadjusted","Gross domestic product at market prices","Dollars","81","millions","6","v62295576","1.2.14","383763","","","","0"
"2007-01","Canada","2016A000011124","Unadjusted","Gross domestic product at market prices","Dollars","81","millions","6","v62295576","1.2.14","371449","","","","0"
"2007-04","Canada","2016A000011124","Unadjusted","Gross domestic product at market prices","Dollars","81","millions","6","v62295576","1.2.14","391488","","","","0"
"2007-07","Canada","2016A000011124","Unadjusted","Gross domestic product at market prices","Dollars","81","millions","6","v62295576","1.2.14","409243","","","","0"
"2007-10","Canada","2016A000011124","Unadjusted","Gross domestic product at market prices","Dollars","81","millions","6","v62295576","1.2.14","405481","","","","0"
"2008-01","Canada","2016A000011124","Unadjusted","Gross domestic product at market prices","Dollars","81","millions","6","v62295576","1.2.14","389660","","","","0"
"2008-04","Canada","2016A000011124","Unadjusted","Gross domestic product at market prices","Dollars","81","millions","6","v62295576","1.2.14","411697","","","","0"
"2008-07","Canada","2016A000011124","Unadjusted","Gross domestic product at market prices","Dollars","81","millions","6","v62295576","1.2.14","442410","","","","0"
"2008-10","Canada","2016A000011124","Unadjusted","Gross domestic product at market prices","Dollars","81","millions","6","v62295576","1.2.14","413274","","","","0"
"2009-01","Canada","2016A000011124","Unadjusted","Gross domestic product at market prices","Dollars","81","millions","6","v62295576","1.2.14","375035","","","","0"
"2009-04","Canada","2016A000011124","Unadjusted","Gross domestic product at market prices","Dollars","81","millions","6","v62295576","1.2.14","382727","","","","0"
"2009-07","Canada","2016A000011124","Unadjusted","Gross domestic product at market prices","Dollars","81","millions","6","v62295576","1.2.14","407002","","","","0"
"2009-10","Canada","2016A000011124","Unadjusted","Gross domestic product at market prices","Dollars","81","millions","6","v62295576","1.2.14","406570","","","","0"
"2010-01","Canada","2016A000011124","Unadjusted","Gross domestic product at market prices","Dollars","81","millions","6","v62295576","1.2.14","391696","","","","0"
"2010-04","Canada","2016A000011124","Unadjusted","Gross domestic product at market prices","Dollars","81","millions","6","v62295576","1.2.14","407594","","","","0"
"2010-07","Canada","2016A000011124","Unadjusted","Gross domestic product at market prices","Dollars","81","millions","6","v62295576","1.2.14","430749","","","","0"
"2010-10","Canada","2016A000011124","Unadjusted","Gross domestic product at market prices","Dollars","81","millions","6","v62295576","1.2.14","436009","","","","0"
"2011-01","Canada","2016A000011124","Unadjusted","Gross domestic product at market prices","Dollars","81","millions","6","v62295576","1.2.14","417217","","","","0"
"2011-04","Canada","2016A000011124","Unadjusted","Gross domestic product at market prices","Dollars","81","millions","6","v62295576","1.2.14","432644","","","","0"
"2011-07","Canada","2016A000011124","Unadjusted","Gross domestic product at market prices","Dollars","81","millions","6","v62295576","1.2.14","461083","","","","0"
"2011-10","Canada","2016A000011124","Unadjusted","Gross domestic product at market prices","Dollars","81","millions","6","v62295576","1.2.14","463119","","","","0"
"2012-01","Canada","2016A000011124","Unadjusted","Gross domestic product at market prices","Dollars","81","millions","6","v62295576","1.2.14","432807","","","","0"
"2012-04","Canada","2016A000011124","Unadjusted","Gross domestic product at market prices","Dollars","81","millions","6","v62295576","1.2.14","446954","","","","0"
"2012-07","Canada","2016A000011124","Unadjusted","Gross domestic product at market prices","Dollars","81","millions","6","v62295576","1.2.14","473592","","","","0"
"2012-10","Canada","2016A000011124","Unadjusted","Gross domestic product at market prices","Dollars","81","millions","6","v62295576","1.2.14","473848","","","","0"
"2013-01","Canada","2016A000011124","Unadjusted","Gross domestic product at market prices","Dollars","81","millions","6","v62295576","1.2.14","443125","","","","0"
"2013-04","Canada","2016A000011124","Unadjusted","Gross domestic product at market prices","Dollars","81","millions","6","v62295576","1.2.14","460401","","","","0"
"2013-07","Canada","2016A000011124","Unadjusted","Gross domestic product at market prices","Dollars","81","millions","6","v62295576","1.2.14","500963","","","","0"
"2013-10","Canada","2016A000011124","Unadjusted","Gross domestic product at market prices","Dollars","81","millions","6","v62295576","1.2.14","497758","","","","0"
"2014-01","Canada","2016A000011124","Unadjusted","Gross domestic product at market prices","Dollars","81","millions","6","v62295576","1.2.14","467345","","","","0"
"2014-04","Canada","2016A000011124","Unadjusted","Gross domestic product at market prices","Dollars","81","millions","6","v62295576","1.2.14","488985","","","","0"
"2014-07","Canada","2016A000011124","Unadjusted","Gross domestic product at market prices","Dollars","81","millions","6","v62295576","1.2.14","524490","","","","0"
"2014-10","Canada","2016A000011124","Unadjusted","Gross domestic product at market prices","Dollars","81","millions","6","v62295576","1.2.14","514078","","","","0"
"2015-01","Canada","2016A000011124","Unadjusted","Gross domestic product at market prices","Dollars","81","millions","6","v62295576","1.2.14","472379","","","","0"
"2015-04","Canada","2016A000011124","Unadjusted","Gross domestic product at market prices","Dollars","81","millions","6","v62295576","1.2.14","487051","","","","0"
"2015-07","Canada","2016A000011124","Unadjusted","Gross domestic product at market prices","Dollars","81","millions","6","v62295576","1.2.14","521592","","","","0"
"2015-10","Canada","2016A000011124","Unadjusted","Gross domestic product at market prices","Dollars","81","millions","6","v62295576","1.2.14","509419","","","","0"
"2016-01","Canada","2016A000011124","Unadjusted","Gross domestic product at market prices","Dollars","81","millions","6","v62295576","1.2.14","475252","","","","0"
"2016-04","Canada","2016A000011124","Unadjusted","Gross domestic product at market prices","Dollars","81","millions","6","v62295576","1.2.14","490410","","","","0"
"2016-07","Canada","2016A000011124","Unadjusted","Gross domestic product at market prices","Dollars","81","millions","6","v62295576","1.2.14","530194","","","","0"
"2016-10","Canada","2016A000011124","Unadjusted","Gross domestic product at market prices","Dollars","81","millions","6","v62295576","1.2.14","529679","","","","0"
"2017-01","Canada","2016A000011124","Unadjusted","Gross domestic product at market prices","Dollars","81","millions","6","v62295576","1.2.14","499834","","","","0"
"2017-04","Canada","2016A000011124","Unadjusted","Gross domestic product at market prices","Dollars","81","millions","6","v62295576","1.2.14","524426","","","","0"
"2017-07","Canada","2016A000011124","Unadjusted","Gross domestic product at market prices","Dollars","81","millions","6","v62295576","1.2.14","559074","","","","0"
"2017-10","Canada","2016A000011124","Unadjusted","Gross domestic product at market prices","Dollars","81","millions","6","v62295576","1.2.14","557307","","","","0"
"2018-01","Canada","2016A000011124","Unadjusted","Gross domestic product at market prices","Dollars","81","millions","6","v62295576","1.2.14","522856","","","","0"
"2018-04","Canada","2016A000011124","Unadjusted","Gross domestic product at market prices","Dollars","81","millions","6","v62295576","1.2.14","548913","","","","0"
"2018-07","Canada","2016A000011124","Unadjusted","Gross domestic product at market prices","Dollars","81","millions","6","v62295576","1.2.14","588247","","","","0"
"2018-10","Canada","2016A000011124","Unadjusted","Gross domestic product at market prices","Dollars","81","millions","6","v62295576","1.2.14","571152","","","","0"
"2019-01","Canada","2016A000011124","Unadjusted","Gross domestic product at market prices","Dollars","81","millions","6","v62295576","1.2.14","539597","","","","0"
"2019-04","Canada","2016A000011124","Unadjusted","Gross domestic product at market prices","Dollars","81","millions","6","v62295576","1.2.14","568622","","","","0"
"2019-07","Canada","2016A000011124","Unadjusted","Gross domestic product at market prices","Dollars","81","millions","6","v62295576","1.2.14","603492","","","","0"
"2019-10","Canada","2016A000011124","Unadjusted","Gross domestic product at market prices","Dollars","81","millions","6","v62295576","1.2.14","599001","","","","0"
"2020-01","Canada","2016A000011124","Unadjusted","Gross domestic product at market prices","Dollars","81","millions","6","v62295576","1.2.14","542484","","","","0"
"2020-04","Canada","2016A000011124","Unadjusted","Gross domestic product at market prices","Dollars","81","millions","6","v62295576","1.2.14","487511","","","","0"
"2020-07","Canada","2016A000011124","Unadjusted","Gross domestic product at market prices","Dollars","81","millions","6","v62295576","1.2.14","582268","","","","0"


